"Loan ID","Member ID","Member Name","Loan Date","Loan Amount","Term (Months)","Monthly Rate","EMI","Year-End Outstanding","Current Month Interest","Status","Purpose"
"=IF(B2="""","""",""LN""&TEXT(ROW()-1,""000""))","","=IFERROR(VLOOKUP(B2,Members!$B$2:$C$31,2,FALSE),"""")","","","","=Settings!$B$10","=IF(OR(E2="""",F2<=0),"""",IFERROR(-PMT(G2,F2,E2),0))","=IF(A2="""","""",'Loan Schedule'!BK2)","=IF(I2="""","""",I2*G2)","=IF(I2="""","""",IF(I2>0,""Active"",""Closed""))",""
"=IF(B3="""","""",""LN""&TEXT(ROW()-1,""000""))","","=IFERROR(VLOOKUP(B3,Members!$B$2:$C$31,2,FALSE),"""")","","","","=Settings!$B$10","=IF(OR(E3="""",F3<=0),"""",IFERROR(-PMT(G3,F3,E3),0))","=IF(A3="""","""",'Loan Schedule'!BK3)","=IF(I3="""","""",I3*G3)","=IF(I3="""","""",IF(I3>0,""Active"",""Closed""))",""
"=IF(B4="""","""",""LN""&TEXT(ROW()-1,""000""))","","=IFERROR(VLOOKUP(B4,Members!$B$2:$C$31,2,FALSE),"""")","","","","=Settings!$B$10","=IF(OR(E4="""",F4<=0),"""",IFERROR(-PMT(G4,F4,E4),0))","=IF(A4="""","""",'Loan Schedule'!BK4)","=IF(I4="""","""",I4*G4)","=IF(I4="""","""",IF(I4>0,""Active"",""Closed""))",""
"=IF(B5="""","""",""LN""&TEXT(ROW()-1,""000""))","","=IFERROR(VLOOKUP(B5,Members!$B$2:$C$31,2,FALSE),"""")","","","","=Settings!$B$10","=IF(OR(E5="""",F5<=0),"""",IFERROR(-PMT(G5,F5,E5),0))","=IF(A5="""","""",'Loan Schedule'!BK5)","=IF(I5="""","""",I5*G5)","=IF(I5="""","""",IF(I5>0,""Active"",""Closed""))",""
"=IF(B6="""","""",""LN""&TEXT(ROW()-1,""000""))","","=IFERROR(VLOOKUP(B6,Members!$B$2:$C$31,2,FALSE),"""")","","","","=Settings!$B$10","=IF(OR(E6="""",F6<=0),"""",IFERROR(-PMT(G6,F6,E6),0))","=IF(A6="""","""",'Loan Schedule'!BK6)","=IF(I6="""","""",I6*G6)","=IF(I6="""","""",IF(I6>0,""Active"",""Closed""))",""
"=IF(B7="""","""",""LN""&TEXT(ROW()-1,""000""))","","=IFERROR(VLOOKUP(B7,Members!$B$2:$C$31,2,FALSE),"""")","","","","=Settings!$B$10","=IF(OR(E7="""",F7<=0),"""",IFERROR(-PMT(G7,F7,E7),0))","=IF(A7="""","""",'Loan Schedule'!BK7)","=IF(I7="""","""",I7*G7)","=IF(I7="""","""",IF(I7>0,""Active"",""Closed""))",""
"=IF(B8="""","""",""LN""&TEXT(ROW()-1,""000""))","","=IFERROR(VLOOKUP(B8,Members!$B$2:$C$31,2,FALSE),"""")","","","","=Settings!$B$10","=IF(OR(E8="""",F8<=0),"""",IFERROR(-PMT(G8,F8,E8),0))","=IF(A8="""","""",'Loan Schedule'!BK8)","=IF(I8="""","""",I8*G8)","=IF(I8="""","""",IF(I8>0,""Active"",""Closed""))",""
"=IF(B9="""","""",""LN""&TEXT(ROW()-1,""000""))","","=IFERROR(VLOOKUP(B9,Members!$B$2:$C$31,2,FALSE),"""")","","","","=Settings!$B$10","=IF(OR(E9="""",F9<=0),"""",IFERROR(-PMT(G9,F9,E9),0))","=IF(A9="""","""",'Loan Schedule'!BK9)","=IF(I9="""","""",I9*G9)","=IF(I9="""","""",IF(I9>0,""Active"",""Closed""))",""
"=IF(B10="""","""",""LN""&TEXT(ROW()-1,""000""))","","=IFERROR(VLOOKUP(B10,Members!$B$2:$C$31,2,FALSE),"""")","","","","=Settings!$B$10","=IF(OR(E10="""",F10<=0),"""",IFERROR(-PMT(G10,F10,E10),0))","=IF(A10="""","""",'Loan Schedule'!BK10)","=IF(I10="""","""",I10*G10)","=IF(I10="""","""",IF(I10>0,""Active"",""Closed""))",""
"=IF(B11="""","""",""LN""&TEXT(ROW()-1,""000""))","","=IFERROR(VLOOKUP(B11,Members!$B$2:$C$31,2,FALSE),"""")","","","","=Settings!$B$10","=IF(OR(E11="""",F11<=0),"""",IFERROR(-PMT(G11,F11,E11),0))","=IF(A11="""","""",'Loan Schedule'!BK11)","=IF(I11="""","""",I11*G11)","=IF(I11="""","""",IF(I11>0,""Active"",""Closed""))",""
"=IF(B12="""","""",""LN""&TEXT(ROW()-1,""000""))","","=IFERROR(VLOOKUP(B12,Members!$B$2:$C$31,2,FALSE),"""")","","","","=Settings!$B$10","=IF(OR(E12="""",F12<=0),"""",IFERROR(-PMT(G12,F12,E12),0))","=IF(A12="""","""",'Loan Schedule'!BK12)","=IF(I12="""","""",I12*G12)","=IF(I12="""","""",IF(I12>0,""Active"",""Closed""))",""
"=IF(B13="""","""",""LN""&TEXT(ROW()-1,""000""))","","=IFERROR(VLOOKUP(B13,Members!$B$2:$C$31,2,FALSE),"""")","","","","=Settings!$B$10","=IF(OR(E13="""",F13<=0),"""",IFERROR(-PMT(G13,F13,E13),0))","=IF(A13="""","""",'Loan Schedule'!BK13)","=IF(I13="""","""",I13*G13)","=IF(I13="""","""",IF(I13>0,""Active"",""Closed""))",""
"=IF(B14="""","""",""LN""&TEXT(ROW()-1,""000""))","","=IFERROR(VLOOKUP(B14,Members!$B$2:$C$31,2,FALSE),"""")","","","","=Settings!$B$10","=IF(OR(E14="""",F14<=0),"""",IFERROR(-PMT(G14,F14,E14),0))","=IF(A14="""","""",'Loan Schedule'!BK14)","=IF(I14="""","""",I14*G14)","=IF(I14="""","""",IF(I14>0,""Active"",""Closed""))",""
"=IF(B15="""","""",""LN""&TEXT(ROW()-1,""000""))","","=IFERROR(VLOOKUP(B15,Members!$B$2:$C$31,2,FALSE),"""")","","","","=Settings!$B$10","=IF(OR(E15="""",F15<=0),"""",IFERROR(-PMT(G15,F15,E15),0))","=IF(A15="""","""",'Loan Schedule'!BK15)","=IF(I15="""","""",I15*G15)","=IF(I15="""","""",IF(I15>0,""Active"",""Closed""))",""
"=IF(B16="""","""",""LN""&TEXT(ROW()-1,""000""))","","=IFERROR(VLOOKUP(B16,Members!$B$2:$C$31,2,FALSE),"""")","","","","=Settings!$B$10","=IF(OR(E16="""",F16<=0),"""",IFERROR(-PMT(G16,F16,E16),0))","=IF(A16="""","""",'Loan Schedule'!BK16)","=IF(I16="""","""",I16*G16)","=IF(I16="""","""",IF(I16>0,""Active"",""Closed""))",""
"=IF(B17="""","""",""LN""&TEXT(ROW()-1,""000""))","","=IFERROR(VLOOKUP(B17,Members!$B$2:$C$31,2,FALSE),"""")","","","","=Settings!$B$10","=IF(OR(E17="""",F17<=0),"""",IFERROR(-PMT(G17,F17,E17),0))","=IF(A17="""","""",'Loan Schedule'!BK17)","=IF(I17="""","""",I17*G17)","=IF(I17="""","""",IF(I17>0,""Active"",""Closed""))",""
"=IF(B18="""","""",""LN""&TEXT(ROW()-1,""000""))","","=IFERROR(VLOOKUP(B18,Members!$B$2:$C$31,2,FALSE),"""")","","","","=Settings!$B$10","=IF(OR(E18="""",F18<=0),"""",IFERROR(-PMT(G18,F18,E18),0))","=IF(A18="""","""",'Loan Schedule'!BK18)","=IF(I18="""","""",I18*G18)","=IF(I18="""","""",IF(I18>0,""Active"",""Closed""))",""
"=IF(B19="""","""",""LN""&TEXT(ROW()-1,""000""))","","=IFERROR(VLOOKUP(B19,Members!$B$2:$C$31,2,FALSE),"""")","","","","=Settings!$B$10","=IF(OR(E19="""",F19<=0),"""",IFERROR(-PMT(G19,F19,E19),0))","=IF(A19="""","""",'Loan Schedule'!BK19)","=IF(I19="""","""",I19*G19)","=IF(I19="""","""",IF(I19>0,""Active"",""Closed""))",""
"=IF(B20="""","""",""LN""&TEXT(ROW()-1,""000""))","","=IFERROR(VLOOKUP(B20,Members!$B$2:$C$31,2,FALSE),"""")","","","","=Settings!$B$10","=IF(OR(E20="""",F20<=0),"""",IFERROR(-PMT(G20,F20,E20),0))","=IF(A20="""","""",'Loan Schedule'!BK20)","=IF(I20="""","""",I20*G20)","=IF(I20="""","""",IF(I20>0,""Active"",""Closed""))",""
"=IF(B21="""","""",""LN""&TEXT(ROW()-1,""000""))","","=IFERROR(VLOOKUP(B21,Members!$B$2:$C$31,2,FALSE),"""")","","","","=Settings!$B$10","=IF(OR(E21="""",F21<=0),"""",IFERROR(-PMT(G21,F21,E21),0))","=IF(A21="""","""",'Loan Schedule'!BK21)","=IF(I21="""","""",I21*G21)","=IF(I21="""","""",IF(I21>0,""Active"",""Closed""))",""
"=IF(B22="""","""",""LN""&TEXT(ROW()-1,""000""))","","=IFERROR(VLOOKUP(B22,Members!$B$2:$C$31,2,FALSE),"""")","","","","=Settings!$B$10","=IF(OR(E22="""",F22<=0),"""",IFERROR(-PMT(G22,F22,E22),0))","=IF(A22="""","""",'Loan Schedule'!BK22)","=IF(I22="""","""",I22*G22)","=IF(I22="""","""",IF(I22>0,""Active"",""Closed""))",""
"=IF(B23="""","""",""LN""&TEXT(ROW()-1,""000""))","","=IFERROR(VLOOKUP(B23,Members!$B$2:$C$31,2,FALSE),"""")","","","","=Settings!$B$10","=IF(OR(E23="""",F23<=0),"""",IFERROR(-PMT(G23,F23,E23),0))","=IF(A23="""","""",'Loan Schedule'!BK23)","=IF(I23="""","""",I23*G23)","=IF(I23="""","""",IF(I23>0,""Active"",""Closed""))",""
"=IF(B24="""","""",""LN""&TEXT(ROW()-1,""000""))","","=IFERROR(VLOOKUP(B24,Members!$B$2:$C$31,2,FALSE),"""")","","","","=Settings!$B$10","=IF(OR(E24="""",F24<=0),"""",IFERROR(-PMT(G24,F24,E24),0))","=IF(A24="""","""",'Loan Schedule'!BK24)","=IF(I24="""","""",I24*G24)","=IF(I24="""","""",IF(I24>0,""Active"",""Closed""))",""
"=IF(B25="""","""",""LN""&TEXT(ROW()-1,""000""))","","=IFERROR(VLOOKUP(B25,Members!$B$2:$C$31,2,FALSE),"""")","","","","=Settings!$B$10","=IF(OR(E25="""",F25<=0),"""",IFERROR(-PMT(G25,F25,E25),0))","=IF(A25="""","""",'Loan Schedule'!BK25)","=IF(I25="""","""",I25*G25)","=IF(I25="""","""",IF(I25>0,""Active"",""Closed""))",""
"=IF(B26="""","""",""LN""&TEXT(ROW()-1,""000""))","","=IFERROR(VLOOKUP(B26,Members!$B$2:$C$31,2,FALSE),"""")","","","","=Settings!$B$10","=IF(OR(E26="""",F26<=0),"""",IFERROR(-PMT(G26,F26,E26),0))","=IF(A26="""","""",'Loan Schedule'!BK26)","=IF(I26="""","""",I26*G26)","=IF(I26="""","""",IF(I26>0,""Active"",""Closed""))",""
"=IF(B27="""","""",""LN""&TEXT(ROW()-1,""000""))","","=IFERROR(VLOOKUP(B27,Members!$B$2:$C$31,2,FALSE),"""")","","","","=Settings!$B$10","=IF(OR(E27="""",F27<=0),"""",IFERROR(-PMT(G27,F27,E27),0))","=IF(A27="""","""",'Loan Schedule'!BK27)","=IF(I27="""","""",I27*G27)","=IF(I27="""","""",IF(I27>0,""Active"",""Closed""))",""
"=IF(B28="""","""",""LN""&TEXT(ROW()-1,""000""))","","=IFERROR(VLOOKUP(B28,Members!$B$2:$C$31,2,FALSE),"""")","","","","=Settings!$B$10","=IF(OR(E28="""",F28<=0),"""",IFERROR(-PMT(G28,F28,E28),0))","=IF(A28="""","""",'Loan Schedule'!BK28)","=IF(I28="""","""",I28*G28)","=IF(I28="""","""",IF(I28>0,""Active"",""Closed""))",""
"=IF(B29="""","""",""LN""&TEXT(ROW()-1,""000""))","","=IFERROR(VLOOKUP(B29,Members!$B$2:$C$31,2,FALSE),"""")","","","","=Settings!$B$10","=IF(OR(E29="""",F29<=0),"""",IFERROR(-PMT(G29,F29,E29),0))","=IF(A29="""","""",'Loan Schedule'!BK29)","=IF(I29="""","""",I29*G29)","=IF(I29="""","""",IF(I29>0,""Active"",""Closed""))",""
"=IF(B30="""","""",""LN""&TEXT(ROW()-1,""000""))","","=IFERROR(VLOOKUP(B30,Members!$B$2:$C$31,2,FALSE),"""")","","","","=Settings!$B$10","=IF(OR(E30="""",F30<=0),"""",IFERROR(-PMT(G30,F30,E30),0))","=IF(A30="""","""",'Loan Schedule'!BK30)","=IF(I30="""","""",I30*G30)","=IF(I30="""","""",IF(I30>0,""Active"",""Closed""))",""
"=IF(B31="""","""",""LN""&TEXT(ROW()-1,""000""))","","=IFERROR(VLOOKUP(B31,Members!$B$2:$C$31,2,FALSE),"""")","","","","=Settings!$B$10","=IF(OR(E31="""",F31<=0),"""",IFERROR(-PMT(G31,F31,E31),0))","=IF(A31="""","""",'Loan Schedule'!BK31)","=IF(I31="""","""",I31*G31)","=IF(I31="""","""",IF(I31>0,""Active"",""Closed""))",""
"=IF(B32="""","""",""LN""&TEXT(ROW()-1,""000""))","","=IFERROR(VLOOKUP(B32,Members!$B$2:$C$31,2,FALSE),"""")","","","","=Settings!$B$10","=IF(OR(E32="""",F32<=0),"""",IFERROR(-PMT(G32,F32,E32),0))","=IF(A32="""","""",'Loan Schedule'!BK32)","=IF(I32="""","""",I32*G32)","=IF(I32="""","""",IF(I32>0,""Active"",""Closed""))",""
"=IF(B33="""","""",""LN""&TEXT(ROW()-1,""000""))","","=IFERROR(VLOOKUP(B33,Members!$B$2:$C$31,2,FALSE),"""")","","","","=Settings!$B$10","=IF(OR(E33="""",F33<=0),"""",IFERROR(-PMT(G33,F33,E33),0))","=IF(A33="""","""",'Loan Schedule'!BK33)","=IF(I33="""","""",I33*G33)","=IF(I33="""","""",IF(I33>0,""Active"",""Closed""))",""
"=IF(B34="""","""",""LN""&TEXT(ROW()-1,""000""))","","=IFERROR(VLOOKUP(B34,Members!$B$2:$C$31,2,FALSE),"""")","","","","=Settings!$B$10","=IF(OR(E34="""",F34<=0),"""",IFERROR(-PMT(G34,F34,E34),0))","=IF(A34="""","""",'Loan Schedule'!BK34)","=IF(I34="""","""",I34*G34)","=IF(I34="""","""",IF(I34>0,""Active"",""Closed""))",""
"=IF(B35="""","""",""LN""&TEXT(ROW()-1,""000""))","","=IFERROR(VLOOKUP(B35,Members!$B$2:$C$31,2,FALSE),"""")","","","","=Settings!$B$10","=IF(OR(E35="""",F35<=0),"""",IFERROR(-PMT(G35,F35,E35),0))","=IF(A35="""","""",'Loan Schedule'!BK35)","=IF(I35="""","""",I35*G35)","=IF(I35="""","""",IF(I35>0,""Active"",""Closed""))",""
"=IF(B36="""","""",""LN""&TEXT(ROW()-1,""000""))","","=IFERROR(VLOOKUP(B36,Members!$B$2:$C$31,2,FALSE),"""")","","","","=Settings!$B$10","=IF(OR(E36="""",F36<=0),"""",IFERROR(-PMT(G36,F36,E36),0))","=IF(A36="""","""",'Loan Schedule'!BK36)","=IF(I36="""","""",I36*G36)","=IF(I36="""","""",IF(I36>0,""Active"",""Closed""))",""
"=IF(B37="""","""",""LN""&TEXT(ROW()-1,""000""))","","=IFERROR(VLOOKUP(B37,Members!$B$2:$C$31,2,FALSE),"""")","","","","=Settings!$B$10","=IF(OR(E37="""",F37<=0),"""",IFERROR(-PMT(G37,F37,E37),0))","=IF(A37="""","""",'Loan Schedule'!BK37)","=IF(I37="""","""",I37*G37)","=IF(I37="""","""",IF(I37>0,""Active"",""Closed""))",""
"=IF(B38="""","""",""LN""&TEXT(ROW()-1,""000""))","","=IFERROR(VLOOKUP(B38,Members!$B$2:$C$31,2,FALSE),"""")","","","","=Settings!$B$10","=IF(OR(E38="""",F38<=0),"""",IFERROR(-PMT(G38,F38,E38),0))","=IF(A38="""","""",'Loan Schedule'!BK38)","=IF(I38="""","""",I38*G38)","=IF(I38="""","""",IF(I38>0,""Active"",""Closed""))",""
"=IF(B39="""","""",""LN""&TEXT(ROW()-1,""000""))","","=IFERROR(VLOOKUP(B39,Members!$B$2:$C$31,2,FALSE),"""")","","","","=Settings!$B$10","=IF(OR(E39="""",F39<=0),"""",IFERROR(-PMT(G39,F39,E39),0))","=IF(A39="""","""",'Loan Schedule'!BK39)","=IF(I39="""","""",I39*G39)","=IF(I39="""","""",IF(I39>0,""Active"",""Closed""))",""
"=IF(B40="""","""",""LN""&TEXT(ROW()-1,""000""))","","=IFERROR(VLOOKUP(B40,Members!$B$2:$C$31,2,FALSE),"""")","","","","=Settings!$B$10","=IF(OR(E40="""",F40<=0),"""",IFERROR(-PMT(G40,F40,E40),0))","=IF(A40="""","""",'Loan Schedule'!BK40)","=IF(I40="""","""",I40*G40)","=IF(I40="""","""",IF(I40>0,""Active"",""Closed""))",""
"=IF(B41="""","""",""LN""&TEXT(ROW()-1,""000""))","","=IFERROR(VLOOKUP(B41,Members!$B$2:$C$31,2,FALSE),"""")","","","","=Settings!$B$10","=IF(OR(E41="""",F41<=0),"""",IFERROR(-PMT(G41,F41,E41),0))","=IF(A41="""","""",'Loan Schedule'!BK41)","=IF(I41="""","""",I41*G41)","=IF(I41="""","""",IF(I41>0,""Active"",""Closed""))",""
"=IF(B42="""","""",""LN""&TEXT(ROW()-1,""000""))","","=IFERROR(VLOOKUP(B42,Members!$B$2:$C$31,2,FALSE),"""")","","","","=Settings!$B$10","=IF(OR(E42="""",F42<=0),"""",IFERROR(-PMT(G42,F42,E42),0))","=IF(A42="""","""",'Loan Schedule'!BK42)","=IF(I42="""","""",I42*G42)","=IF(I42="""","""",IF(I42>0,""Active"",""Closed""))",""
"=IF(B43="""","""",""LN""&TEXT(ROW()-1,""000""))","","=IFERROR(VLOOKUP(B43,Members!$B$2:$C$31,2,FALSE),"""")","","","","=Settings!$B$10","=IF(OR(E43="""",F43<=0),"""",IFERROR(-PMT(G43,F43,E43),0))","=IF(A43="""","""",'Loan Schedule'!BK43)","=IF(I43="""","""",I43*G43)","=IF(I43="""","""",IF(I43>0,""Active"",""Closed""))",""
"=IF(B44="""","""",""LN""&TEXT(ROW()-1,""000""))","","=IFERROR(VLOOKUP(B44,Members!$B$2:$C$31,2,FALSE),"""")","","","","=Settings!$B$10","=IF(OR(E44="""",F44<=0),"""",IFERROR(-PMT(G44,F44,E44),0))","=IF(A44="""","""",'Loan Schedule'!BK44)","=IF(I44="""","""",I44*G44)","=IF(I44="""","""",IF(I44>0,""Active"",""Closed""))",""
"=IF(B45="""","""",""LN""&TEXT(ROW()-1,""000""))","","=IFERROR(VLOOKUP(B45,Members!$B$2:$C$31,2,FALSE),"""")","","","","=Settings!$B$10","=IF(OR(E45="""",F45<=0),"""",IFERROR(-PMT(G45,F45,E45),0))","=IF(A45="""","""",'Loan Schedule'!BK45)","=IF(I45="""","""",I45*G45)","=IF(I45="""","""",IF(I45>0,""Active"",""Closed""))",""
"=IF(B46="""","""",""LN""&TEXT(ROW()-1,""000""))","","=IFERROR(VLOOKUP(B46,Members!$B$2:$C$31,2,FALSE),"""")","","","","=Settings!$B$10","=IF(OR(E46="""",F46<=0),"""",IFERROR(-PMT(G46,F46,E46),0))","=IF(A46="""","""",'Loan Schedule'!BK46)","=IF(I46="""","""",I46*G46)","=IF(I46="""","""",IF(I46>0,""Active"",""Closed""))",""
"=IF(B47="""","""",""LN""&TEXT(ROW()-1,""000""))","","=IFERROR(VLOOKUP(B47,Members!$B$2:$C$31,2,FALSE),"""")","","","","=Settings!$B$10","=IF(OR(E47="""",F47<=0),"""",IFERROR(-PMT(G47,F47,E47),0))","=IF(A47="""","""",'Loan Schedule'!BK47)","=IF(I47="""","""",I47*G47)","=IF(I47="""","""",IF(I47>0,""Active"",""Closed""))",""
"=IF(B48="""","""",""LN""&TEXT(ROW()-1,""000""))","","=IFERROR(VLOOKUP(B48,Members!$B$2:$C$31,2,FALSE),"""")","","","","=Settings!$B$10","=IF(OR(E48="""",F48<=0),"""",IFERROR(-PMT(G48,F48,E48),0))","=IF(A48="""","""",'Loan Schedule'!BK48)","=IF(I48="""","""",I48*G48)","=IF(I48="""","""",IF(I48>0,""Active"",""Closed""))",""
"=IF(B49="""","""",""LN""&TEXT(ROW()-1,""000""))","","=IFERROR(VLOOKUP(B49,Members!$B$2:$C$31,2,FALSE),"""")","","","","=Settings!$B$10","=IF(OR(E49="""",F49<=0),"""",IFERROR(-PMT(G49,F49,E49),0))","=IF(A49="""","""",'Loan Schedule'!BK49)","=IF(I49="""","""",I49*G49)","=IF(I49="""","""",IF(I49>0,""Active"",""Closed""))",""
"=IF(B50="""","""",""LN""&TEXT(ROW()-1,""000""))","","=IFERROR(VLOOKUP(B50,Members!$B$2:$C$31,2,FALSE),"""")","","","","=Settings!$B$10","=IF(OR(E50="""",F50<=0),"""",IFERROR(-PMT(G50,F50,E50),0))","=IF(A50="""","""",'Loan Schedule'!BK50)","=IF(I50="""","""",I50*G50)","=IF(I50="""","""",IF(I50>0,""Active"",""Closed""))",""
"=IF(B51="""","""",""LN""&TEXT(ROW()-1,""000""))","","=IFERROR(VLOOKUP(B51,Members!$B$2:$C$31,2,FALSE),"""")","","","","=Settings!$B$10","=IF(OR(E51="""",F51<=0),"""",IFERROR(-PMT(G51,F51,E51),0))","=IF(A51="""","""",'Loan Schedule'!BK51)","=IF(I51="""","""",I51*G51)","=IF(I51="""","""",IF(I51>0,""Active"",""Closed""))",""
"=IF(B52="""","""",""LN""&TEXT(ROW()-1,""000""))","","=IFERROR(VLOOKUP(B52,Members!$B$2:$C$31,2,FALSE),"""")","","","","=Settings!$B$10","=IF(OR(E52="""",F52<=0),"""",IFERROR(-PMT(G52,F52,E52),0))","=IF(A52="""","""",'Loan Schedule'!BK52)","=IF(I52="""","""",I52*G52)","=IF(I52="""","""",IF(I52>0,""Active"",""Closed""))",""
"=IF(B53="""","""",""LN""&TEXT(ROW()-1,""000""))","","=IFERROR(VLOOKUP(B53,Members!$B$2:$C$31,2,FALSE),"""")","","","","=Settings!$B$10","=IF(OR(E53="""",F53<=0),"""",IFERROR(-PMT(G53,F53,E53),0))","=IF(A53="""","""",'Loan Schedule'!BK53)","=IF(I53="""","""",I53*G53)","=IF(I53="""","""",IF(I53>0,""Active"",""Closed""))",""
"=IF(B54="""","""",""LN""&TEXT(ROW()-1,""000""))","","=IFERROR(VLOOKUP(B54,Members!$B$2:$C$31,2,FALSE),"""")","","","","=Settings!$B$10","=IF(OR(E54="""",F54<=0),"""",IFERROR(-PMT(G54,F54,E54),0))","=IF(A54="""","""",'Loan Schedule'!BK54)","=IF(I54="""","""",I54*G54)","=IF(I54="""","""",IF(I54>0,""Active"",""Closed""))",""
"=IF(B55="""","""",""LN""&TEXT(ROW()-1,""000""))","","=IFERROR(VLOOKUP(B55,Members!$B$2:$C$31,2,FALSE),"""")","","","","=Settings!$B$10","=IF(OR(E55="""",F55<=0),"""",IFERROR(-PMT(G55,F55,E55),0))","=IF(A55="""","""",'Loan Schedule'!BK55)","=IF(I55="""","""",I55*G55)","=IF(I55="""","""",IF(I55>0,""Active"",""Closed""))",""
"=IF(B56="""","""",""LN""&TEXT(ROW()-1,""000""))","","=IFERROR(VLOOKUP(B56,Members!$B$2:$C$31,2,FALSE),"""")","","","","=Settings!$B$10","=IF(OR(E56="""",F56<=0),"""",IFERROR(-PMT(G56,F56,E56),0))","=IF(A56="""","""",'Loan Schedule'!BK56)","=IF(I56="""","""",I56*G56)","=IF(I56="""","""",IF(I56>0,""Active"",""Closed""))",""
"=IF(B57="""","""",""LN""&TEXT(ROW()-1,""000""))","","=IFERROR(VLOOKUP(B57,Members!$B$2:$C$31,2,FALSE),"""")","","","","=Settings!$B$10","=IF(OR(E57="""",F57<=0),"""",IFERROR(-PMT(G57,F57,E57),0))","=IF(A57="""","""",'Loan Schedule'!BK57)","=IF(I57="""","""",I57*G57)","=IF(I57="""","""",IF(I57>0,""Active"",""Closed""))",""
"=IF(B58="""","""",""LN""&TEXT(ROW()-1,""000""))","","=IFERROR(VLOOKUP(B58,Members!$B$2:$C$31,2,FALSE),"""")","","","","=Settings!$B$10","=IF(OR(E58="""",F58<=0),"""",IFERROR(-PMT(G58,F58,E58),0))","=IF(A58="""","""",'Loan Schedule'!BK58)","=IF(I58="""","""",I58*G58)","=IF(I58="""","""",IF(I58>0,""Active"",""Closed""))",""
"=IF(B59="""","""",""LN""&TEXT(ROW()-1,""000""))","","=IFERROR(VLOOKUP(B59,Members!$B$2:$C$31,2,FALSE),"""")","","","","=Settings!$B$10","=IF(OR(E59="""",F59<=0),"""",IFERROR(-PMT(G59,F59,E59),0))","=IF(A59="""","""",'Loan Schedule'!BK59)","=IF(I59="""","""",I59*G59)","=IF(I59="""","""",IF(I59>0,""Active"",""Closed""))",""
"=IF(B60="""","""",""LN""&TEXT(ROW()-1,""000""))","","=IFERROR(VLOOKUP(B60,Members!$B$2:$C$31,2,FALSE),"""")","","","","=Settings!$B$10","=IF(OR(E60="""",F60<=0),"""",IFERROR(-PMT(G60,F60,E60),0))","=IF(A60="""","""",'Loan Schedule'!BK60)","=IF(I60="""","""",I60*G60)","=IF(I60="""","""",IF(I60>0,""Active"",""Closed""))",""
"=IF(B61="""","""",""LN""&TEXT(ROW()-1,""000""))","","=IFERROR(VLOOKUP(B61,Members!$B$2:$C$31,2,FALSE),"""")","","","","=Settings!$B$10","=IF(OR(E61="""",F61<=0),"""",IFERROR(-PMT(G61,F61,E61),0))","=IF(A61="""","""",'Loan Schedule'!BK61)","=IF(I61="""","""",I61*G61)","=IF(I61="""","""",IF(I61>0,""Active"",""Closed""))",""
"=IF(B62="""","""",""LN""&TEXT(ROW()-1,""000""))","","=IFERROR(VLOOKUP(B62,Members!$B$2:$C$31,2,FALSE),"""")","","","","=Settings!$B$10","=IF(OR(E62="""",F62<=0),"""",IFERROR(-PMT(G62,F62,E62),0))","=IF(A62="""","""",'Loan Schedule'!BK62)","=IF(I62="""","""",I62*G62)","=IF(I62="""","""",IF(I62>0,""Active"",""Closed""))",""
"=IF(B63="""","""",""LN""&TEXT(ROW()-1,""000""))","","=IFERROR(VLOOKUP(B63,Members!$B$2:$C$31,2,FALSE),"""")","","","","=Settings!$B$10","=IF(OR(E63="""",F63<=0),"""",IFERROR(-PMT(G63,F63,E63),0))","=IF(A63="""","""",'Loan Schedule'!BK63)","=IF(I63="""","""",I63*G63)","=IF(I63="""","""",IF(I63>0,""Active"",""Closed""))",""
"=IF(B64="""","""",""LN""&TEXT(ROW()-1,""000""))","","=IFERROR(VLOOKUP(B64,Members!$B$2:$C$31,2,FALSE),"""")","","","","=Settings!$B$10","=IF(OR(E64="""",F64<=0),"""",IFERROR(-PMT(G64,F64,E64),0))","=IF(A64="""","""",'Loan Schedule'!BK64)","=IF(I64="""","""",I64*G64)","=IF(I64="""","""",IF(I64>0,""Active"",""Closed""))",""
"=IF(B65="""","""",""LN""&TEXT(ROW()-1,""000""))","","=IFERROR(VLOOKUP(B65,Members!$B$2:$C$31,2,FALSE),"""")","","","","=Settings!$B$10","=IF(OR(E65="""",F65<=0),"""",IFERROR(-PMT(G65,F65,E65),0))","=IF(A65="""","""",'Loan Schedule'!BK65)","=IF(I65="""","""",I65*G65)","=IF(I65="""","""",IF(I65>0,""Active"",""Closed""))",""
"=IF(B66="""","""",""LN""&TEXT(ROW()-1,""000""))","","=IFERROR(VLOOKUP(B66,Members!$B$2:$C$31,2,FALSE),"""")","","","","=Settings!$B$10","=IF(OR(E66="""",F66<=0),"""",IFERROR(-PMT(G66,F66,E66),0))","=IF(A66="""","""",'Loan Schedule'!BK66)","=IF(I66="""","""",I66*G66)","=IF(I66="""","""",IF(I66>0,""Active"",""Closed""))",""
"=IF(B67="""","""",""LN""&TEXT(ROW()-1,""000""))","","=IFERROR(VLOOKUP(B67,Members!$B$2:$C$31,2,FALSE),"""")","","","","=Settings!$B$10","=IF(OR(E67="""",F67<=0),"""",IFERROR(-PMT(G67,F67,E67),0))","=IF(A67="""","""",'Loan Schedule'!BK67)","=IF(I67="""","""",I67*G67)","=IF(I67="""","""",IF(I67>0,""Active"",""Closed""))",""
"=IF(B68="""","""",""LN""&TEXT(ROW()-1,""000""))","","=IFERROR(VLOOKUP(B68,Members!$B$2:$C$31,2,FALSE),"""")","","","","=Settings!$B$10","=IF(OR(E68="""",F68<=0),"""",IFERROR(-PMT(G68,F68,E68),0))","=IF(A68="""","""",'Loan Schedule'!BK68)","=IF(I68="""","""",I68*G68)","=IF(I68="""","""",IF(I68>0,""Active"",""Closed""))",""
"=IF(B69="""","""",""LN""&TEXT(ROW()-1,""000""))","","=IFERROR(VLOOKUP(B69,Members!$B$2:$C$31,2,FALSE),"""")","","","","=Settings!$B$10","=IF(OR(E69="""",F69<=0),"""",IFERROR(-PMT(G69,F69,E69),0))","=IF(A69="""","""",'Loan Schedule'!BK69)","=IF(I69="""","""",I69*G69)","=IF(I69="""","""",IF(I69>0,""Active"",""Closed""))",""
"=IF(B70="""","""",""LN""&TEXT(ROW()-1,""000""))","","=IFERROR(VLOOKUP(B70,Members!$B$2:$C$31,2,FALSE),"""")","","","","=Settings!$B$10","=IF(OR(E70="""",F70<=0),"""",IFERROR(-PMT(G70,F70,E70),0))","=IF(A70="""","""",'Loan Schedule'!BK70)","=IF(I70="""","""",I70*G70)","=IF(I70="""","""",IF(I70>0,""Active"",""Closed""))",""
"=IF(B71="""","""",""LN""&TEXT(ROW()-1,""000""))","","=IFERROR(VLOOKUP(B71,Members!$B$2:$C$31,2,FALSE),"""")","","","","=Settings!$B$10","=IF(OR(E71="""",F71<=0),"""",IFERROR(-PMT(G71,F71,E71),0))","=IF(A71="""","""",'Loan Schedule'!BK71)","=IF(I71="""","""",I71*G71)","=IF(I71="""","""",IF(I71>0,""Active"",""Closed""))",""
"=IF(B72="""","""",""LN""&TEXT(ROW()-1,""000""))","","=IFERROR(VLOOKUP(B72,Members!$B$2:$C$31,2,FALSE),"""")","","","","=Settings!$B$10","=IF(OR(E72="""",F72<=0),"""",IFERROR(-PMT(G72,F72,E72),0))","=IF(A72="""","""",'Loan Schedule'!BK72)","=IF(I72="""","""",I72*G72)","=IF(I72="""","""",IF(I72>0,""Active"",""Closed""))",""
"=IF(B73="""","""",""LN""&TEXT(ROW()-1,""000""))","","=IFERROR(VLOOKUP(B73,Members!$B$2:$C$31,2,FALSE),"""")","","","","=Settings!$B$10","=IF(OR(E73="""",F73<=0),"""",IFERROR(-PMT(G73,F73,E73),0))","=IF(A73="""","""",'Loan Schedule'!BK73)","=IF(I73="""","""",I73*G73)","=IF(I73="""","""",IF(I73>0,""Active"",""Closed""))",""
"=IF(B74="""","""",""LN""&TEXT(ROW()-1,""000""))","","=IFERROR(VLOOKUP(B74,Members!$B$2:$C$31,2,FALSE),"""")","","","","=Settings!$B$10","=IF(OR(E74="""",F74<=0),"""",IFERROR(-PMT(G74,F74,E74),0))","=IF(A74="""","""",'Loan Schedule'!BK74)","=IF(I74="""","""",I74*G74)","=IF(I74="""","""",IF(I74>0,""Active"",""Closed""))",""
"=IF(B75="""","""",""LN""&TEXT(ROW()-1,""000""))","","=IFERROR(VLOOKUP(B75,Members!$B$2:$C$31,2,FALSE),"""")","","","","=Settings!$B$10","=IF(OR(E75="""",F75<=0),"""",IFERROR(-PMT(G75,F75,E75),0))","=IF(A75="""","""",'Loan Schedule'!BK75)","=IF(I75="""","""",I75*G75)","=IF(I75="""","""",IF(I75>0,""Active"",""Closed""))",""
"=IF(B76="""","""",""LN""&TEXT(ROW()-1,""000""))","","=IFERROR(VLOOKUP(B76,Members!$B$2:$C$31,2,FALSE),"""")","","","","=Settings!$B$10","=IF(OR(E76="""",F76<=0),"""",IFERROR(-PMT(G76,F76,E76),0))","=IF(A76="""","""",'Loan Schedule'!BK76)","=IF(I76="""","""",I76*G76)","=IF(I76="""","""",IF(I76>0,""Active"",""Closed""))",""
"=IF(B77="""","""",""LN""&TEXT(ROW()-1,""000""))","","=IFERROR(VLOOKUP(B77,Members!$B$2:$C$31,2,FALSE),"""")","","","","=Settings!$B$10","=IF(OR(E77="""",F77<=0),"""",IFERROR(-PMT(G77,F77,E77),0))","=IF(A77="""","""",'Loan Schedule'!BK77)","=IF(I77="""","""",I77*G77)","=IF(I77="""","""",IF(I77>0,""Active"",""Closed""))",""
"=IF(B78="""","""",""LN""&TEXT(ROW()-1,""000""))","","=IFERROR(VLOOKUP(B78,Members!$B$2:$C$31,2,FALSE),"""")","","","","=Settings!$B$10","=IF(OR(E78="""",F78<=0),"""",IFERROR(-PMT(G78,F78,E78),0))","=IF(A78="""","""",'Loan Schedule'!BK78)","=IF(I78="""","""",I78*G78)","=IF(I78="""","""",IF(I78>0,""Active"",""Closed""))",""
"=IF(B79="""","""",""LN""&TEXT(ROW()-1,""000""))","","=IFERROR(VLOOKUP(B79,Members!$B$2:$C$31,2,FALSE),"""")","","","","=Settings!$B$10","=IF(OR(E79="""",F79<=0),"""",IFERROR(-PMT(G79,F79,E79),0))","=IF(A79="""","""",'Loan Schedule'!BK79)","=IF(I79="""","""",I79*G79)","=IF(I79="""","""",IF(I79>0,""Active"",""Closed""))",""
"=IF(B80="""","""",""LN""&TEXT(ROW()-1,""000""))","","=IFERROR(VLOOKUP(B80,Members!$B$2:$C$31,2,FALSE),"""")","","","","=Settings!$B$10","=IF(OR(E80="""",F80<=0),"""",IFERROR(-PMT(G80,F80,E80),0))","=IF(A80="""","""",'Loan Schedule'!BK80)","=IF(I80="""","""",I80*G80)","=IF(I80="""","""",IF(I80>0,""Active"",""Closed""))",""
"=IF(B81="""","""",""LN""&TEXT(ROW()-1,""000""))","","=IFERROR(VLOOKUP(B81,Members!$B$2:$C$31,2,FALSE),"""")","","","","=Settings!$B$10","=IF(OR(E81="""",F81<=0),"""",IFERROR(-PMT(G81,F81,E81),0))","=IF(A81="""","""",'Loan Schedule'!BK81)","=IF(I81="""","""",I81*G81)","=IF(I81="""","""",IF(I81>0,""Active"",""Closed""))",""
"=IF(B82="""","""",""LN""&TEXT(ROW()-1,""000""))","","=IFERROR(VLOOKUP(B82,Members!$B$2:$C$31,2,FALSE),"""")","","","","=Settings!$B$10","=IF(OR(E82="""",F82<=0),"""",IFERROR(-PMT(G82,F82,E82),0))","=IF(A82="""","""",'Loan Schedule'!BK82)","=IF(I82="""","""",I82*G82)","=IF(I82="""","""",IF(I82>0,""Active"",""Closed""))",""
"=IF(B83="""","""",""LN""&TEXT(ROW()-1,""000""))","","=IFERROR(VLOOKUP(B83,Members!$B$2:$C$31,2,FALSE),"""")","","","","=Settings!$B$10","=IF(OR(E83="""",F83<=0),"""",IFERROR(-PMT(G83,F83,E83),0))","=IF(A83="""","""",'Loan Schedule'!BK83)","=IF(I83="""","""",I83*G83)","=IF(I83="""","""",IF(I83>0,""Active"",""Closed""))",""
"=IF(B84="""","""",""LN""&TEXT(ROW()-1,""000""))","","=IFERROR(VLOOKUP(B84,Members!$B$2:$C$31,2,FALSE),"""")","","","","=Settings!$B$10","=IF(OR(E84="""",F84<=0),"""",IFERROR(-PMT(G84,F84,E84),0))","=IF(A84="""","""",'Loan Schedule'!BK84)","=IF(I84="""","""",I84*G84)","=IF(I84="""","""",IF(I84>0,""Active"",""Closed""))",""
"=IF(B85="""","""",""LN""&TEXT(ROW()-1,""000""))","","=IFERROR(VLOOKUP(B85,Members!$B$2:$C$31,2,FALSE),"""")","","","","=Settings!$B$10","=IF(OR(E85="""",F85<=0),"""",IFERROR(-PMT(G85,F85,E85),0))","=IF(A85="""","""",'Loan Schedule'!BK85)","=IF(I85="""","""",I85*G85)","=IF(I85="""","""",IF(I85>0,""Active"",""Closed""))",""
"=IF(B86="""","""",""LN""&TEXT(ROW()-1,""000""))","","=IFERROR(VLOOKUP(B86,Members!$B$2:$C$31,2,FALSE),"""")","","","","=Settings!$B$10","=IF(OR(E86="""",F86<=0),"""",IFERROR(-PMT(G86,F86,E86),0))","=IF(A86="""","""",'Loan Schedule'!BK86)","=IF(I86="""","""",I86*G86)","=IF(I86="""","""",IF(I86>0,""Active"",""Closed""))",""
"=IF(B87="""","""",""LN""&TEXT(ROW()-1,""000""))","","=IFERROR(VLOOKUP(B87,Members!$B$2:$C$31,2,FALSE),"""")","","","","=Settings!$B$10","=IF(OR(E87="""",F87<=0),"""",IFERROR(-PMT(G87,F87,E87),0))","=IF(A87="""","""",'Loan Schedule'!BK87)","=IF(I87="""","""",I87*G87)","=IF(I87="""","""",IF(I87>0,""Active"",""Closed""))",""
"=IF(B88="""","""",""LN""&TEXT(ROW()-1,""000""))","","=IFERROR(VLOOKUP(B88,Members!$B$2:$C$31,2,FALSE),"""")","","","","=Settings!$B$10","=IF(OR(E88="""",F88<=0),"""",IFERROR(-PMT(G88,F88,E88),0))","=IF(A88="""","""",'Loan Schedule'!BK88)","=IF(I88="""","""",I88*G88)","=IF(I88="""","""",IF(I88>0,""Active"",""Closed""))",""
"=IF(B89="""","""",""LN""&TEXT(ROW()-1,""000""))","","=IFERROR(VLOOKUP(B89,Members!$B$2:$C$31,2,FALSE),"""")","","","","=Settings!$B$10","=IF(OR(E89="""",F89<=0),"""",IFERROR(-PMT(G89,F89,E89),0))","=IF(A89="""","""",'Loan Schedule'!BK89)","=IF(I89="""","""",I89*G89)","=IF(I89="""","""",IF(I89>0,""Active"",""Closed""))",""
"=IF(B90="""","""",""LN""&TEXT(ROW()-1,""000""))","","=IFERROR(VLOOKUP(B90,Members!$B$2:$C$31,2,FALSE),"""")","","","","=Settings!$B$10","=IF(OR(E90="""",F90<=0),"""",IFERROR(-PMT(G90,F90,E90),0))","=IF(A90="""","""",'Loan Schedule'!BK90)","=IF(I90="""","""",I90*G90)","=IF(I90="""","""",IF(I90>0,""Active"",""Closed""))",""
"=IF(B91="""","""",""LN""&TEXT(ROW()-1,""000""))","","=IFERROR(VLOOKUP(B91,Members!$B$2:$C$31,2,FALSE),"""")","","","","=Settings!$B$10","=IF(OR(E91="""",F91<=0),"""",IFERROR(-PMT(G91,F91,E91),0))","=IF(A91="""","""",'Loan Schedule'!BK91)","=IF(I91="""","""",I91*G91)","=IF(I91="""","""",IF(I91>0,""Active"",""Closed""))",""
"=IF(B92="""","""",""LN""&TEXT(ROW()-1,""000""))","","=IFERROR(VLOOKUP(B92,Members!$B$2:$C$31,2,FALSE),"""")","","","","=Settings!$B$10","=IF(OR(E92="""",F92<=0),"""",IFERROR(-PMT(G92,F92,E92),0))","=IF(A92="""","""",'Loan Schedule'!BK92)","=IF(I92="""","""",I92*G92)","=IF(I92="""","""",IF(I92>0,""Active"",""Closed""))",""
"=IF(B93="""","""",""LN""&TEXT(ROW()-1,""000""))","","=IFERROR(VLOOKUP(B93,Members!$B$2:$C$31,2,FALSE),"""")","","","","=Settings!$B$10","=IF(OR(E93="""",F93<=0),"""",IFERROR(-PMT(G93,F93,E93),0))","=IF(A93="""","""",'Loan Schedule'!BK93)","=IF(I93="""","""",I93*G93)","=IF(I93="""","""",IF(I93>0,""Active"",""Closed""))",""
"=IF(B94="""","""",""LN""&TEXT(ROW()-1,""000""))","","=IFERROR(VLOOKUP(B94,Members!$B$2:$C$31,2,FALSE),"""")","","","","=Settings!$B$10","=IF(OR(E94="""",F94<=0),"""",IFERROR(-PMT(G94,F94,E94),0))","=IF(A94="""","""",'Loan Schedule'!BK94)","=IF(I94="""","""",I94*G94)","=IF(I94="""","""",IF(I94>0,""Active"",""Closed""))",""
"=IF(B95="""","""",""LN""&TEXT(ROW()-1,""000""))","","=IFERROR(VLOOKUP(B95,Members!$B$2:$C$31,2,FALSE),"""")","","","","=Settings!$B$10","=IF(OR(E95="""",F95<=0),"""",IFERROR(-PMT(G95,F95,E95),0))","=IF(A95="""","""",'Loan Schedule'!BK95)","=IF(I95="""","""",I95*G95)","=IF(I95="""","""",IF(I95>0,""Active"",""Closed""))",""
"=IF(B96="""","""",""LN""&TEXT(ROW()-1,""000""))","","=IFERROR(VLOOKUP(B96,Members!$B$2:$C$31,2,FALSE),"""")","","","","=Settings!$B$10","=IF(OR(E96="""",F96<=0),"""",IFERROR(-PMT(G96,F96,E96),0))","=IF(A96="""","""",'Loan Schedule'!BK96)","=IF(I96="""","""",I96*G96)","=IF(I96="""","""",IF(I96>0,""Active"",""Closed""))",""
"=IF(B97="""","""",""LN""&TEXT(ROW()-1,""000""))","","=IFERROR(VLOOKUP(B97,Members!$B$2:$C$31,2,FALSE),"""")","","","","=Settings!$B$10","=IF(OR(E97="""",F97<=0),"""",IFERROR(-PMT(G97,F97,E97),0))","=IF(A97="""","""",'Loan Schedule'!BK97)","=IF(I97="""","""",I97*G97)","=IF(I97="""","""",IF(I97>0,""Active"",""Closed""))",""
"=IF(B98="""","""",""LN""&TEXT(ROW()-1,""000""))","","=IFERROR(VLOOKUP(B98,Members!$B$2:$C$31,2,FALSE),"""")","","","","=Settings!$B$10","=IF(OR(E98="""",F98<=0),"""",IFERROR(-PMT(G98,F98,E98),0))","=IF(A98="""","""",'Loan Schedule'!BK98)","=IF(I98="""","""",I98*G98)","=IF(I98="""","""",IF(I98>0,""Active"",""Closed""))",""
"=IF(B99="""","""",""LN""&TEXT(ROW()-1,""000""))","","=IFERROR(VLOOKUP(B99,Members!$B$2:$C$31,2,FALSE),"""")","","","","=Settings!$B$10","=IF(OR(E99="""",F99<=0),"""",IFERROR(-PMT(G99,F99,E99),0))","=IF(A99="""","""",'Loan Schedule'!BK99)","=IF(I99="""","""",I99*G99)","=IF(I99="""","""",IF(I99>0,""Active"",""Closed""))",""
"=IF(B100="""","""",""LN""&TEXT(ROW()-1,""000""))","","=IFERROR(VLOOKUP(B100,Members!$B$2:$C$31,2,FALSE),"""")","","","","=Settings!$B$10","=IF(OR(E100="""",F100<=0),"""",IFERROR(-PMT(G100,F100,E100),0))","=IF(A100="""","""",'Loan Schedule'!BK100)","=IF(I100="""","""",I100*G100)","=IF(I100="""","""",IF(I100>0,""Active"",""Closed""))",""
"=IF(B101="""","""",""LN""&TEXT(ROW()-1,""000""))","","=IFERROR(VLOOKUP(B101,Members!$B$2:$C$31,2,FALSE),"""")","","","","=Settings!$B$10","=IF(OR(E101="""",F101<=0),"""",IFERROR(-PMT(G101,F101,E101),0))","=IF(A101="""","""",'Loan Schedule'!BK101)","=IF(I101="""","""",I101*G101)","=IF(I101="""","""",IF(I101>0,""Active"",""Closed""))",""
